[
{
  "pk": 1,
  "model": "scan.analyzer",
  "fields": {
    "name": "clang"
  }
},
{
  "pk": 2,
  "model": "scan.analyzer",
  "fields": {
    "name": "gcc"
  }
},
{
  "pk": 3,
  "model": "scan.analyzer",
  "fields": {
    "name": "cppcheck"
  }
},
{
  "pk": 5,
  "model": "scan.analyzer",
  "fields": {
    "name": "pylint"
  }
},
{
  "pk": 6,
  "model": "scan.analyzer",
  "fields": {
    "name": "shellcheck"
  }
},
{
  "pk": 7,
  "model": "scan.analyzer",
  "fields": {
    "name": "smatch"
  }
},
{
  "pk": 8,
  "model": "scan.analyzer",
  "fields": {
    "name": "valgrind"
  }
},
{
  "pk": 9,
  "model": "scan.analyzer",
  "fields": {
    "name": "gcc-analyzer"
  }
},
{
  "pk": 10,
  "model": "scan.analyzer",
  "fields": {
    "name": "unicontrol"
  }
},
{
  "pk": 1,
  "model": "scan.appsettings",
  "fields": {
    "value": "Y",
    "key": "SEND_MAIL"
  }
},
{
  "pk": 2,
  "model": "scan.appsettings",
  "fields": {
    "value": "N",
    "key": "SEND_BUS_MESSAGE"
  }
},
{
  "pk": 3,
  "model": "scan.appsettings",
  "fields": {
    "value": "N",
    "key": "CHECK_USER_CAN_SUBMIT_SCAN"
  }
},
{
  "pk": 4,
  "model": "scan.appsettings",
  "fields": {
    "value": 7,
    "key": "WAIVER_IS_OVERDUE"
  }
},
{
  "pk": 11,
  "model": "scan.appsettings",
  "fields": {
    "value": "{}",
    "key": "ANALYZERS_VERSIONS_LAST_CHECKED"
  }
},
{
  "pk": 12,
  "model": "scan.appsettings",
  "fields": {
    "value": "8",
    "key": "ANALYZERS_VERSIONS_CACHE_DURATION"
  }
},
{
  "pk": 13,
  "model": "scan.appsettings",
  "fields": {
    "value": "[\"*cov\"]",
    "key": "RESULTS_TB_EXCLUDE_DIRS"
  }
},
{
  "pk": 14,
  "model": "scan.appsettings",
  "fields": {
    "value": "csmock",
    "key": "SU_USER"
  }
},
{
  "pk": 2,
  "model": "scan.clientanalyzer",
  "fields": {
    "build_append_args": "",
    "enabled": true,
    "analyzer": 1,
    "build_append": "clang",
    "version": "dist",
    "cli_long_command": "clang"
  }
},
{
  "pk": 4,
  "model": "scan.clientanalyzer",
  "fields": {
    "build_append_args": "",
    "enabled": true,
    "analyzer": 3,
    "build_append": "cppcheck",
    "version": "dist",
    "cli_long_command": "cppcheck"
  }
},
{
  "pk": 8,
  "model": "scan.clientanalyzer",
  "fields": {
    "build_append_args": "",
    "enabled": true,
    "analyzer": 2,
    "build_append": "gcc",
    "version": "dist",
    "cli_long_command": "gcc"
  }
},
{
  "pk": 10,
  "model": "scan.clientanalyzer",
  "fields": {
    "build_append_args": "--use-host-cppcheck",
    "enabled": true,
    "analyzer": 3,
    "build_append": "cppcheck",
    "version": "2.6",
    "cli_long_command": "cppcheck-host"
  }
},
{
  "pk": 11,
  "model": "scan.clientanalyzer",
  "fields": {
    "build_append_args": "",
    "enabled": true,
    "analyzer": 5,
    "build_append": "pylint",
    "version": "dist",
    "cli_long_command": "pylint"
  }
},
{
  "pk": 12,
  "model": "scan.clientanalyzer",
  "fields": {
    "build_append_args": "",
    "enabled": true,
    "analyzer": 6,
    "build_append": "shellcheck",
    "version": "dist",
    "cli_long_command": "shellcheck"
  }
},
{
  "pk": 23,
  "model": "scan.clientanalyzer",
  "fields": {
    "build_append_args": "",
    "enabled": true,
    "analyzer": 7,
    "build_append": "smatch",
    "version": "dist",
    "cli_long_command": "smatch"
  }
},
{
  "pk": 34,
  "model": "scan.clientanalyzer",
  "fields": {
    "build_append_args": "",
    "enabled": true,
    "analyzer": 8,
    "build_append": "valgrind",
    "version": "dist",
    "cli_long_command": "valgrind"
  }
},
{
  "pk": 1,
  "model": "scan.mockconfig",
  "fields": {
    "enabled": true,
    "name": "fedora-rawhide-aarch64"
  }
},
{
  "pk": 2,
  "model": "scan.mockconfig",
  "fields": {
    "enabled": true,
    "name": "fedora-rawhide-x86_64"
  }
},
{
  "pk": 3,
  "model": "scan.mockconfig",
  "fields": {
    "enabled": true,
    "name": "fedora-eln-aarch64"
  }
},
{
  "pk": 4,
  "model": "scan.mockconfig",
  "fields": {
    "enabled": true,
    "name": "fedora-eln-x86_64"
  }
},
{
  "pk": 5,
  "model": "scan.mockconfig",
  "fields": {
    "enabled": true,
    "name": "fedora-40-aarch64"
  }
},
{
  "pk": 6,
  "model": "scan.mockconfig",
  "fields": {
    "enabled": true,
    "name": "fedora-40-x86_64"
  }
},
{
  "pk": 9,
  "model": "scan.mockconfig",
  "fields": {
    "enabled": true,
    "name": "fedora-38-aarch64"
  }
},
{
  "pk": 10,
  "model": "scan.mockconfig",
  "fields": {
    "enabled": true,
    "name": "fedora-38-x86_64"
  }
},
{
  "pk": 11,
  "model": "scan.mockconfig",
  "fields": {
    "enabled": true,
    "name": "fedora-39-aarch64"
  }
},
{
  "pk": 12,
  "model": "scan.mockconfig",
  "fields": {
    "enabled": true,
    "name": "fedora-39-x86_64"
  }
},
{
  "pk": 13,
  "model": "scan.mockconfig",
  "fields": {
    "enabled": true,
    "name": "centos-7-aarch64"
  }
},
{
  "pk": 14,
  "model": "scan.mockconfig",
  "fields": {
    "enabled": true,
    "name": "centos-7-x86_64"
  }
},
{
  "pk": 15,
  "model": "scan.mockconfig",
  "fields": {
    "enabled": true,
    "name": "centos-stream-8-aarch64"
  }
},
{
  "pk": 16,
  "model": "scan.mockconfig",
  "fields": {
    "enabled": true,
    "name": "centos-stream-8-x86_64"
  }
},
{
  "pk": 17,
  "model": "scan.mockconfig",
  "fields": {
    "enabled": true,
    "name": "centos-stream-9-aarch64"
  }
},
{
  "pk": 18,
  "model": "scan.mockconfig",
  "fields": {
    "enabled": true,
    "name": "centos-stream-9-x86_64"
  }
},
{
  "pk": 19,
  "model": "scan.mockconfig",
  "fields": {
    "enabled": true,
    "name": "rhel-7-aarch64"
  }
},
{
  "pk": 20,
  "model": "scan.mockconfig",
  "fields": {
    "enabled": true,
    "name": "rhel-7-x86_64"
  }
},
{
  "pk": 21,
  "model": "scan.mockconfig",
  "fields": {
    "enabled": true,
    "name": "rhel-8-aarch64"
  }
},
{
  "pk": 22,
  "model": "scan.mockconfig",
  "fields": {
    "enabled": true,
    "name": "rhel-8-x86_64"
  }
},
{
  "pk": 23,
  "model": "scan.mockconfig",
  "fields": {
    "enabled": true,
    "name": "rhel-9-aarch64"
  }
},
{
  "pk": 24,
  "model": "scan.mockconfig",
  "fields": {
    "enabled": true,
    "name": "rhel-9-x86_64"
  }
},
{
  "pk": 25,
  "model": "scan.mockconfig",
  "fields": {
    "enabled": true,
    "name": "epel-7-aarch64"
  }
},
{
  "pk": 26,
  "model": "scan.mockconfig",
  "fields": {
    "enabled": true,
    "name": "epel-7-x86_64"
  }
},
{
  "pk": 27,
  "model": "scan.mockconfig",
  "fields": {
    "enabled": true,
    "name": "epel-8-aarch64"
  }
},
{
  "pk": 28,
  "model": "scan.mockconfig",
  "fields": {
    "enabled": true,
    "name": "epel-8-x86_64"
  }
},
{
  "pk": 29,
  "model": "scan.mockconfig",
  "fields": {
    "enabled": true,
    "name": "epel-9-aarch64"
  }
},
{
  "pk": 30,
  "model": "scan.mockconfig",
  "fields": {
    "enabled": true,
    "name": "epel-9-x86_64"
  }
},
{
  "pk": 1,
  "model": "scan.profile",
  "fields": {
    "command_arguments": {
      "analyzers": "gcc,clang,cppcheck,shellcheck",
      "csmock_args": "--gcc-analyze",
      "koji_profile": "koji"
    },
    "enabled": true,
    "name": "errata",
    "description": "profile used in errata scans (currently same as the default profile)"
  }
},
{
  "pk": 2,
  "model": "scan.profile",
  "fields": {
    "command_arguments": {
      "analyzers": "gcc,clang,cppcheck,shellcheck",
      "csmock_args": "--gcc-analyze",
      "koji_profile": "koji"
    },
    "enabled": true,
    "name": "default",
    "description": "default profile for user-initiated scans"
  }
},
{
  "pk": 3,
  "model": "scan.profile",
  "fields": {
    "command_arguments": {
      "analyzers": ""
    },
    "enabled": true,
    "name": "custom",
    "description": "base profile for custom scans (without additional options, it only builds the package)"
  }
},
{
  "pk": 4,
  "model": "scan.profile",
  "fields": {
    "command_arguments": {
      "analyzers": "gcc,clang,cppcheck,shellcheck,pylint",
      "csmock_args": "--gcc-analyze"
    },
    "enabled": false,
    "name": "multi",
    "description": "profile with all analyzers enabled"
  }
},
{
  "pk": 5,
  "model": "scan.profile",
  "fields": {
    "command_arguments": {
      "analyzers": "smatch",
      "koji_profile": "koji"
    },
    "enabled": true,
    "name": "smatch",
    "description": "experimental profile for running the smatch static analyzer"
  }
},
{
  "pk": 6,
  "model": "scan.profile",
  "fields": {
    "command_arguments": {
      "analyzers": "gcc",
      "csmock_args": "--gcc-sanitize-address"
    },
    "enabled": true,
    "name": "gcc-asan",
    "description": "experimental profile that compiles with -fsanitize=address and runs %check"
  }
},
{
  "pk": 7,
  "model": "scan.profile",
  "fields": {
    "command_arguments": {
      "analyzers": "gcc",
      "csmock_args": "--gcc-sanitize-leak"
    },
    "enabled": true,
    "name": "gcc-lsan",
    "description": "experimental profile that compiles with -fsanitize=leak and runs %check"
  }
},
{
  "pk": 8,
  "model": "scan.profile",
  "fields": {
    "command_arguments": {
      "analyzers": "gcc",
      "csmock_args": "--gcc-sanitize-thread"
    },
    "enabled": true,
    "name": "gcc-tsan",
    "description": "experimental profile that compiles with -fsanitize=thread and runs %check"
  }
},
{
  "pk": 9,
  "model": "scan.profile",
  "fields": {
    "command_arguments": {
      "analyzers": "gcc",
      "csmock_args": "--gcc-sanitize-undefined"
    },
    "enabled": true,
    "name": "gcc-ubsan",
    "description": "experimental profile that compiles with -fsanitize=undefined and runs %check"
  }
},
{
  "pk": 10,
  "model": "scan.profile",
  "fields": {
    "command_arguments": {
      "analyzers": "gcc",
      "csmock_args": "--gcc-analyze"
    },
    "enabled": true,
    "name": "gcc-analyzer",
    "description": "profile that runs `gcc -fanalyzer` in the background and captures its results (currently included in the default profile)"
  }
},
{
  "pk": 11,
  "model": "scan.profile",
  "fields": {
    "command_arguments": {
      "analyzers": "gcc,valgrind",
      "csmock_args": "--gcc-del-flag=-flto=auto --keep-going"
    },
    "enabled": true,
    "name": "valgrind",
    "description": "experimental profile that makes binaries produced in %build run through valgrind in %check"
  }
},
{
  "pk": 12,
  "model": "scan.profile",
  "fields": {
    "command_arguments": {
      "analyzers": "pylint"
    },
    "enabled": true,
    "name": "pylint",
    "description": "profile that runs pylint and captures its results"
  }
},
{
  "pk": 1,
  "model": "scan.releasemapping",
  "fields": {
    "priority": 1,
    "release_tag": "^Fedora-(\\d+)$",
    "template": "Fedora-%s"
  }
},
{
  "pk": 2,
  "model": "scan.releasemapping",
  "fields": {
    "priority": 2,
    "release_tag": "^CentOS-(\\d+)$",
    "template": "CentOS-%s"
  }
},
{
  "pk": 3,
  "model": "scan.releasemapping",
  "fields": {
    "priority": 3,
    "release_tag": "^CentOS-Stream-(\\d+)$",
    "template": "CentOS-Stream-%s"
  }
},
{
  "pk": 4,
  "model": "scan.releasemapping",
  "fields": {
    "priority": 4,
    "release_tag": "^RHEL-(\\d+)$",
    "template": "RHEL-%s"
  }
},
{
  "pk": 5,
  "model": "scan.releasemapping",
  "fields": {
    "priority": 5,
    "release_tag": "^EPEL-(\\d+)$",
    "template": "EPEL-%s"
  }
},
{
  "pk": 1,
  "model": "scan.systemrelease",
  "fields": {
    "release": 40,
    "active": true,
    "product": "Fedora",
    "tag": "fedora-40",
    "parent": null
  }
},
{
  "pk": 3,
  "model": "scan.systemrelease",
  "fields": {
    "release": 38,
    "active": true,
    "product": "Fedora",
    "tag": "fedora-38",
    "parent": null
  }
},
{
  "pk": 4,
  "model": "scan.systemrelease",
  "fields": {
    "release": 39,
    "active": true,
    "product": "Fedora",
    "tag": "fedora-39",
    "parent": null
  }
},
{
  "pk": 5,
  "model": "scan.systemrelease",
  "fields": {
    "release": 7,
    "active": true,
    "product": "CentOS",
    "tag": "centos-7",
    "parent": null
  }
},
{
  "pk": 6,
  "model": "scan.systemrelease",
  "fields": {
    "release": 8,
    "active": true,
    "product": "CentOS Stream",
    "tag": "centos-stream-7",
    "parent": null
  }
},
{
  "pk": 7,
  "model": "scan.systemrelease",
  "fields": {
    "release": 9,
    "active": true,
    "product": "CentOS Stream",
    "tag": "centos-stream-9",
    "parent": null
  }
},
{
  "pk": 8,
  "model": "scan.systemrelease",
  "fields": {
    "release": 7,
    "active": true,
    "product": "RHEL",
    "tag": "rhel-7",
    "parent": null
  }
},
{
  "pk": 9,
  "model": "scan.systemrelease",
  "fields": {
    "release": 8,
    "active": true,
    "product": "RHEL",
    "tag": "rhel-8",
    "parent": null
  }
},
{
  "pk": 10,
  "model": "scan.systemrelease",
  "fields": {
    "release": 9,
    "active": true,
    "product": "RHEL",
    "tag": "rhel-9",
    "parent": null
  }
},
{
  "pk": 11,
  "model": "scan.systemrelease",
  "fields": {
    "release": 7,
    "active": true,
    "product": "EPEL",
    "tag": "epel-7",
    "parent": null
  }
},
{
  "pk": 12,
  "model": "scan.systemrelease",
  "fields": {
    "release": 8,
    "active": true,
    "product": "EPEL",
    "tag": "epel-8",
    "parent": null
  }
},
{
  "pk": 13,
  "model": "scan.systemrelease",
  "fields": {
    "release": 9,
    "active": true,
    "product": "EPEL",
    "tag": "epel-9",
    "parent": null
  }
},
{
  "pk": 1,
  "model": "scan.tag",
  "fields": {
    "release": 1,
    "name": "Fedora-40",
    "mock": 6
  }
},
{
  "pk": 3,
  "model": "scan.tag",
  "fields": {
    "release": 3,
    "name": "Fedora-38",
    "mock": 10
  }
},
{
  "pk": 4,
  "model": "scan.tag",
  "fields": {
    "release": 4,
    "name": "Fedora-39",
    "mock": 12
  }
},
{
  "pk": 5,
  "model": "scan.tag",
  "fields": {
    "release": 5,
    "name": "CentOS-7",
    "mock": 14
  }
},
{
  "pk": 6,
  "model": "scan.tag",
  "fields": {
    "release": 6,
    "name": "CentOS-Stream-8",
    "mock": 16
  }
},
{
  "pk": 7,
  "model": "scan.tag",
  "fields": {
    "release": 7,
    "name": "CentOS-Stream-9",
    "mock": 18
  }
},
{
  "pk": 8,
  "model": "scan.tag",
  "fields": {
    "release": 8,
    "name": "RHEL-7",
    "mock": 20
  }
},
{
  "pk": 9,
  "model": "scan.tag",
  "fields": {
    "release": 9,
    "name": "RHEL-8",
    "mock": 22
  }
},
{
  "pk": 10,
  "model": "scan.tag",
  "fields": {
    "release": 10,
    "name": "RHEL-9",
    "mock": 24
  }
},
{
  "pk": 11,
  "model": "scan.tag",
  "fields": {
    "release": 11,
    "name": "EPEL-7",
    "mock": 26
  }
},
{
  "pk": 12,
  "model": "scan.tag",
  "fields": {
    "release": 12,
    "name": "EPEL-8",
    "mock": 28
  }
},
{
  "pk": 13,
  "model": "scan.tag",
  "fields": {
    "release": 13,
    "name": "EPEL-9",
    "mock": 30
  }
},
{
  "pk": 1,
  "model": "hub.arch",
  "fields": {
    "pretty_name": "noarch",
    "name": "noarch"
  }
},
{
  "pk": 2,
  "model": "hub.arch",
  "fields": {
    "pretty_name": "aarch64",
    "name": "aarch64"
  }
},
{
  "pk": 3,
  "model": "hub.arch",
  "fields": {
    "pretty_name": "x86_64",
    "name": "x86_64"
  }
},
{
  "pk": 1,
  "model": "hub.channel",
  "fields": {
    "name": "default"
  }
},
{
  "model": "hub.worker",
  "pk": 1,
  "fields": {
    "worker_key": "JjHIQ5rgBsvvOHgft1rxf8n46fFVytQY8icVCiuCSvKjV9IVzzlXd8YVGlNA0RcY",
    "name": "localhost",
    "enabled": true,
    "max_load": 2,
    "max_tasks": 0,
    "min_priority": 0,
    "ready": true,
    "task_count": 0,
    "current_load": 0,
    "arches": [
      1
    ],
    "channels": [
      1
    ]
  }
},
{
  "pk": 1,
  "model": "scan.retentionpolicysetting",
  "fields": {
    "category": "PersonalScan",
    "days": 365
  }
},
{
  "pk": 2,
  "model": "scan.retentionpolicysetting",
  "fields": {
    "category": "FailedStatus",
    "days": 365
  }
}
]
