[
  {
    "model": "hub.arch",
    "pk": 1,
    "fields": {
      "name": "noarch",
      "pretty_name": "noarch"
    }
  },
  {
    "model": "hub.channel",
    "pk": 1,
    "fields": {
      "name": "default"
    }
  },
  {
    "model": "hub.worker",
    "pk": 1,
    "fields": {
      "worker_key": "JjHIQ5rgBsvvOHgft1rxf8n46fFVytQY8icVCiuCSvKjV9IVzzlXd8YVGlNA0RcY",
      "name": "localhost",
      "enabled": true,
      "max_load": 2,
      "max_tasks": 0,
      "min_priority": 0,
      "ready": true,
      "task_count": 0,
      "current_load": 0,
      "arches": [
        1
      ],
      "channels": [
        1
      ]
    }
  },
  {
    "model": "errata.scanningsession",
    "pk": 1,
    "fields": {
      "name": "ERRATA",
      "description": "Periodic scans of packages released by Errata Tool",
      "options": {
        "comment_template": "errata process scan of %(target)s",
        "method": "ErrataDiffBuild",
        "task_priority": 20
      },
      "profile": 1
    }
  },
  {
    "model": "scan.mockconfig",
    "pk": 1,
    "fields": {
      "name": "epel-6-x86_64",
      "enabled": false
    }
  },
  {
    "model": "scan.mockconfig",
    "pk": 2,
    "fields": {
      "name": "fedora-devel-x86_64",
      "enabled": false
    }
  },
  {
    "model": "scan.mockconfig",
    "pk": 3,
    "fields": {
      "name": "fedora-17-x86_64",
      "enabled": false
    }
  },
  {
    "model": "scan.mockconfig",
    "pk": 5,
    "fields": {
      "name": "fedora-rawhide-cscan",
      "enabled": false
    }
  },
  {
    "model": "scan.mockconfig",
    "pk": 15,
    "fields": {
      "name": "epel-5-x86_64",
      "enabled": false
    }
  },
  {
    "model": "scan.mockconfig",
    "pk": 16,
    "fields": {
      "name": "fedora-rawhide-abrt",
      "enabled": false
    }
  },
  {
    "model": "scan.mockconfig",
    "pk": 19,
    "fields": {
      "name": "fedora-15-x86_64",
      "enabled": false
    }
  },
  {
    "model": "scan.mockconfig",
    "pk": 21,
    "fields": {
      "name": "fedora-4-x86_64-epel",
      "enabled": false
    }
  },
  {
    "model": "scan.mockconfig",
    "pk": 22,
    "fields": {
      "name": "fedora-rawhide-x86_64-pwouters",
      "enabled": false
    }
  },
  {
    "model": "scan.mockconfig",
    "pk": 25,
    "fields": {
      "name": "fedora-16-cscan",
      "enabled": false
    }
  },
  {
    "model": "scan.mockconfig",
    "pk": 29,
    "fields": {
      "name": "epel-4-x86_64",
      "enabled": false
    }
  },
  {
    "model": "scan.mockconfig",
    "pk": 30,
    "fields": {
      "name": "fedora-16-xscan",
      "enabled": false
    }
  },
  {
    "model": "scan.mockconfig",
    "pk": 31,
    "fields": {
      "name": "fedora-5-x86_64-epel",
      "enabled": false
    }
  },
  {
    "model": "scan.mockconfig",
    "pk": 32,
    "fields": {
      "name": "fedora-16-abrt",
      "enabled": false
    }
  },
  {
    "model": "scan.mockconfig",
    "pk": 34,
    "fields": {
      "name": "fedora-17-x86_64-pwouters",
      "enabled": false
    }
  },
  {
    "model": "scan.mockconfig",
    "pk": 38,
    "fields": {
      "name": "rhel-7-alpha2-x86_64-cscan",
      "enabled": false
    }
  },
  {
    "model": "scan.mockconfig",
    "pk": 40,
    "fields": {
      "name": "rhel-5-test-x86_64-xscan",
      "enabled": false
    }
  },
  {
    "model": "scan.mockconfig",
    "pk": 41,
    "fields": {
      "name": "fedora-18-xscan2",
      "enabled": false
    }
  },
  {
    "model": "scan.mockconfig",
    "pk": 43,
    "fields": {
      "name": "rhel-7-x86_64-nightly-cscan",
      "enabled": false
    }
  },
  {
    "model": "scan.mockconfig",
    "pk": 49,
    "fields": {
      "name": "rhel-7-x86_64-cscan",
      "enabled": false
    }
  },
  {
    "model": "scan.mockconfig",
    "pk": 55,
    "fields": {
      "name": "fedora-17-cscan",
      "enabled": false
    }
  },
  {
    "model": "scan.mockconfig",
    "pk": 58,
    "fields": {
      "name": "fedora-16-x86_64",
      "enabled": false
    }
  },
  {
    "model": "scan.mockconfig",
    "pk": 62,
    "fields": {
      "name": "fedora-rawhide-xscan",
      "enabled": false
    }
  },
  {
    "model": "scan.mockconfig",
    "pk": 63,
    "fields": {
      "name": "rhel-7-alpha2-x86_64-xscan",
      "enabled": false
    }
  },
  {
    "model": "scan.mockconfig",
    "pk": 64,
    "fields": {
      "name": "fedora-17-xscan",
      "enabled": false
    }
  },
  {
    "model": "scan.mockconfig",
    "pk": 65,
    "fields": {
      "name": "rhel-7-x86_64-nightly-xscan",
      "enabled": false
    }
  },
  {
    "model": "scan.mockconfig",
    "pk": 66,
    "fields": {
      "name": "fedora-rawhide-x86_64",
      "enabled": true
    }
  },
  {
    "model": "scan.mockconfig",
    "pk": 67,
    "fields": {
      "name": "fedora-rawhide-xscan2",
      "enabled": false
    }
  },
  {
    "model": "scan.mockconfig",
    "pk": 70,
    "fields": {
      "name": "fedora-18-cscan",
      "enabled": false
    }
  },
  {
    "model": "scan.mockconfig",
    "pk": 72,
    "fields": {
      "name": "fedora-rawhide-x86_64-cscan",
      "enabled": false
    }
  },
  {
    "model": "scan.mockconfig",
    "pk": 73,
    "fields": {
      "name": "fedora-14-x86_64",
      "enabled": false
    }
  },
  {
    "model": "scan.mockconfig",
    "pk": 75,
    "fields": {
      "name": "fedora-18-xscan",
      "enabled": false
    }
  },
  {
    "model": "scan.mockconfig",
    "pk": 80,
    "fields": {
      "name": "rhel-5.6-x86_64-cscan",
      "enabled": false
    }
  },
  {
    "model": "scan.mockconfig",
    "pk": 81,
    "fields": {
      "name": "rhel-5.7-x86_64-cscan",
      "enabled": false
    }
  },
  {
    "model": "scan.mockconfig",
    "pk": 87,
    "fields": {
      "name": "rhel-6-abrt-x86_64",
      "enabled": false
    }
  },
  {
    "model": "scan.mockconfig",
    "pk": 88,
    "fields": {
      "name": "rhel-5.9-x86_64-cscan",
      "enabled": false
    }
  },
  {
    "model": "scan.mockconfig",
    "pk": 89,
    "fields": {
      "name": "fedora-19-cscan",
      "enabled": false
    }
  },
  {
    "model": "scan.mockconfig",
    "pk": 90,
    "fields": {
      "name": "rhel-5-x86_64",
      "enabled": true
    }
  },
  {
    "model": "scan.mockconfig",
    "pk": 91,
    "fields": {
      "name": "rhel-6-x86_64",
      "enabled": true
    }
  },
  {
    "model": "scan.mockconfig",
    "pk": 92,
    "fields": {
      "name": "rhel-7-x86_64",
      "enabled": true
    }
  },
  {
    "model": "scan.mockconfig",
    "pk": 93,
    "fields": {
      "name": "rhel-6-rebuild-x86_64",
      "enabled": false
    }
  },
  {
    "model": "scan.mockconfig",
    "pk": 94,
    "fields": {
      "name": "rhel-5-rebuild-x86_64",
      "enabled": false
    }
  },
  {
    "model": "scan.mockconfig",
    "pk": 95,
    "fields": {
      "name": "fedora-20-xscan",
      "enabled": false
    }
  },
  {
    "model": "scan.mockconfig",
    "pk": 96,
    "fields": {
      "name": "fedora-20-cockpit",
      "enabled": false
    }
  },
  {
    "model": "scan.mockconfig",
    "pk": 97,
    "fields": {
      "name": "fedora-18-x86_64",
      "enabled": false
    }
  },
  {
    "model": "scan.mockconfig",
    "pk": 98,
    "fields": {
      "name": "fedora-19-x86_64",
      "enabled": false
    }
  },
  {
    "model": "scan.mockconfig",
    "pk": 99,
    "fields": {
      "name": "fedora-20-x86_64",
      "enabled": false
    }
  },
  {
    "model": "scan.mockconfig",
    "pk": 100,
    "fields": {
      "name": "fedora-21-x86_64",
      "enabled": false
    }
  },
  {
    "model": "scan.mockconfig",
    "pk": 101,
    "fields": {
      "name": "rhel-6-x86_64-jfilak",
      "enabled": false
    }
  },
  {
    "model": "scan.mockconfig",
    "pk": 102,
    "fields": {
      "name": "fedora-22-x86_64",
      "enabled": false
    }
  },
  {
    "model": "scan.mockconfig",
    "pk": 103,
    "fields": {
      "name": "rhel-7-x86_64-kdudka",
      "enabled": false
    }
  },
  {
    "model": "scan.mockconfig",
    "pk": 104,
    "fields": {
      "name": "rhel-6-x86_64-kdudka",
      "enabled": false
    }
  },
  {
    "model": "scan.mockconfig",
    "pk": 105,
    "fields": {
      "name": "rhel-7-x86_64-basescan",
      "enabled": true
    }
  },
  {
    "model": "scan.mockconfig",
    "pk": 106,
    "fields": {
      "name": "rhel-6-x86_64-basescan",
      "enabled": true
    }
  },
  {
    "model": "scan.mockconfig",
    "pk": 107,
    "fields": {
      "name": "fedora-23-x86_64",
      "enabled": false
    }
  },
  {
    "model": "scan.mockconfig",
    "pk": 108,
    "fields": {
      "name": "rhel-6-x86_64-basescan-62",
      "enabled": false
    }
  },
  {
    "model": "scan.mockconfig",
    "pk": 109,
    "fields": {
      "name": "fedora-24-x86_64",
      "enabled": false
    }
  },
  {
    "model": "scan.mockconfig",
    "pk": 110,
    "fields": {
      "name": "fedora-25-x86_64",
      "enabled": false
    }
  },
  {
    "model": "scan.mockconfig",
    "pk": 111,
    "fields": {
      "name": "rhel-7.1.z-x86_64",
      "enabled": true
    }
  },
  {
    "model": "scan.mockconfig",
    "pk": 112,
    "fields": {
      "name": "rhel-7.2.z-x86_64",
      "enabled": true
    }
  },
  {
    "model": "scan.mockconfig",
    "pk": 113,
    "fields": {
      "name": "rhel-7.3.z-x86_64",
      "enabled": true
    }
  },
  {
    "model": "scan.mockconfig",
    "pk": 114,
    "fields": {
      "name": "fedora-26-x86_64",
      "enabled": false
    }
  },
  {
    "model": "scan.mockconfig",
    "pk": 115,
    "fields": {
      "name": "rhel-7-x86_64-sso",
      "enabled": false
    }
  },
  {
    "model": "scan.mockconfig",
    "pk": 116,
    "fields": {
      "name": "fedora-27-x86_64",
      "enabled": false
    }
  },
  {
    "model": "scan.mockconfig",
    "pk": 117,
    "fields": {
      "name": "rhel-7.4.z-x86_64",
      "enabled": true
    }
  },
  {
    "model": "scan.mockconfig",
    "pk": 118,
    "fields": {
      "name": "ceph-2-rhel-7-x86_64",
      "enabled": true
    }
  },
  {
    "model": "scan.mockconfig",
    "pk": 119,
    "fields": {
      "name": "ceph-3.0-rhel-7-x86_64",
      "enabled": true
    }
  },
  {
    "model": "scan.mockconfig",
    "pk": 120,
    "fields": {
      "name": "rhel-6.8.z-x86_64",
      "enabled": true
    }
  },
  {
    "model": "scan.mockconfig",
    "pk": 121,
    "fields": {
      "name": "rhos-12.0-rhel-7-x86_64",
      "enabled": true
    }
  },
  {
    "model": "scan.mockconfig",
    "pk": 122,
    "fields": {
      "name": "ceph-1.3-rhel-7-x86_64",
      "enabled": true
    }
  },
  {
    "model": "scan.mockconfig",
    "pk": 123,
    "fields": {
      "name": "rhel-7-shellcheck-x86_64",
      "enabled": false
    }
  },
  {
    "model": "scan.mockconfig",
    "pk": 124,
    "fields": {
      "name": "rhel-6.6.z-x86_64",
      "enabled": true
    }
  },
  {
    "model": "scan.mockconfig",
    "pk": 125,
    "fields": {
      "name": "fedora-28-x86_64",
      "enabled": false
    }
  },
  {
    "model": "scan.mockconfig",
    "pk": 126,
    "fields": {
      "name": "rhel-7.5.z-x86_64",
      "enabled": true
    }
  },
  {
    "model": "scan.mockconfig",
    "pk": 127,
    "fields": {
      "name": "rhel-8.0-x86_64",
      "enabled": false
    }
  },
  {
    "model": "scan.mockconfig",
    "pk": 128,
    "fields": {
      "name": "fedora-29-x86_64",
      "enabled": false
    }
  },
  {
    "model": "scan.mockconfig",
    "pk": 129,
    "fields": {
      "name": "rhel-8-x86_64",
      "enabled": true
    }
  },
  {
    "model": "scan.mockconfig",
    "pk": 130,
    "fields": {
      "name": "rhel-8-mod-x86_64",
      "enabled": false
    }
  },
  {
    "model": "scan.mockconfig",
    "pk": 131,
    "fields": {
      "name": "rhel-7.6.z-x86_64",
      "enabled": true
    }
  },
  {
    "model": "scan.mockconfig",
    "pk": 132,
    "fields": {
      "name": "fedora-29-x86_64-mcrha",
      "enabled": false
    }
  },
  {
    "model": "scan.mockconfig",
    "pk": 133,
    "fields": {
      "name": "rhel-8.0.0.z-x86_64",
      "enabled": true
    }
  },
  {
    "model": "scan.mockconfig",
    "pk": 134,
    "fields": {
      "name": "fedora-30-x86_64",
      "enabled": false
    }
  },
  {
    "model": "scan.mockconfig",
    "pk": 135,
    "fields": {
      "name": "rhel-8-x86_64-basescan",
      "enabled": true
    }
  },
  {
    "model": "scan.mockconfig",
    "pk": 136,
    "fields": {
      "name": "rhel-8.0.0.z-mod-x86_64",
      "enabled": false
    }
  },
  {
    "model": "scan.mockconfig",
    "pk": 137,
    "fields": {
      "name": "rhel-7.7.z-x86_64",
      "enabled": true
    }
  },
  {
    "model": "scan.mockconfig",
    "pk": 138,
    "fields": {
      "name": "ceph-4.0-rhel-8-x86_64",
      "enabled": true
    }
  },
  {
    "model": "scan.mockconfig",
    "pk": 139,
    "fields": {
      "name": "fedora-31-x86_64",
      "enabled": false
    }
  },
  {
    "model": "scan.mockconfig",
    "pk": 140,
    "fields": {
      "name": "fedora-32-x86_64",
      "enabled": false
    }
  },
  {
    "model": "scan.mockconfig",
    "pk": 141,
    "fields": {
      "name": "rhel-8.1.0.z-x86_64",
      "enabled": true
    }
  },
  {
    "model": "scan.mockconfig",
    "pk": 142,
    "fields": {
      "name": "rhel-6.9.z-x86_64",
      "enabled": true
    }
  },
  {
    "model": "scan.mockconfig",
    "pk": 143,
    "fields": {
      "name": "cspodman",
      "enabled": true
    }
  },
  {
    "model": "scan.mockconfig",
    "pk": 144,
    "fields": {
      "name": "rhel-8.1.0.z-mod-x86_64",
      "enabled": false
    }
  },
  {
    "model": "scan.mockconfig",
    "pk": 145,
    "fields": {
      "name": "rhaos-a-rhel-7-x86_64",
      "enabled": true
    }
  },
  {
    "model": "scan.mockconfig",
    "pk": 146,
    "fields": {
      "name": "rhaos-a-rhel-8-x86_64",
      "enabled": true
    }
  },
  {
    "model": "scan.mockconfig",
    "pk": 147,
    "fields": {
      "name": "rhaos-b-rhel-7-x86_64",
      "enabled": true
    }
  },
  {
    "model": "scan.mockconfig",
    "pk": 148,
    "fields": {
      "name": "rhaos-b-rhel-8-x86_64",
      "enabled": true
    }
  },
  {
    "model": "scan.mockconfig",
    "pk": 149,
    "fields": {
      "name": "rhel-8.2.0.z-x86_64",
      "enabled": true
    }
  },
  {
    "model": "scan.mockconfig",
    "pk": 150,
    "fields": {
      "name": "rhel-7.8.z-x86_64",
      "enabled": true
    }
  },
  {
    "model": "scan.mockconfig",
    "pk": 151,
    "fields": {
      "name": "rhel-8.2.0.z-mod-x86_64",
      "enabled": false
    }
  },
  {
    "model": "scan.mockconfig",
    "pk": 152,
    "fields": {
      "name": "fedora-33-x86_64",
      "enabled": false
    }
  },
  {
    "model": "scan.mockconfig",
    "pk": 153,
    "fields": {
      "name": "eln-x86_64",
      "enabled": true
    }
  },
  {
    "model": "scan.mockconfig",
    "pk": 154,
    "fields": {
      "name": "fedora-32-x86_64-mcrha",
      "enabled": false
    }
  },
  {
    "model": "scan.mockconfig",
    "pk": 155,
    "fields": {
      "name": "rhel-8.3.0.z-x86_64",
      "enabled": true
    }
  },
  {
    "model": "scan.mockconfig",
    "pk": 156,
    "fields": {
      "name": "rhel-9-alpha-x86_64",
      "enabled": true
    }
  },
  {
    "model": "scan.mockconfig",
    "pk": 157,
    "fields": {
      "name": "fedora-34-x86_64",
      "enabled": true
    }
  },
  {
    "model": "scan.mockconfig",
    "pk": 158,
    "fields": {
      "name": "rhel-9-beta-x86_64",
      "enabled": true
    }
  },
  {
    "model": "scan.mockconfig",
    "pk": 159,
    "fields": {
      "name": "rhel-8.4.0.z-x86_64",
      "enabled": true
    }
  },
  {
    "model": "scan.mockconfig",
    "pk": 160,
    "fields": {
      "name": "rhel-8.3.0.z-mod-x86_64",
      "enabled": false
    }
  },
  {
    "model": "scan.mockconfig",
    "pk": 161,
    "fields": {
      "name": "rhel-8.4.0.z-mod-x86_64",
      "enabled": false
    }
  },
  {
    "model": "scan.mockconfig",
    "pk": 162,
    "fields": {
      "name": "rhel-9-x86_64",
      "enabled": true
    }
  },
  {
    "model": "scan.mockconfig",
    "pk": 163,
    "fields": {
      "name": "rhel-9-x86_64-basescan",
      "enabled": true
    }
  },
  {
    "model": "scan.mockconfig",
    "pk": 164,
    "fields": {
      "name": "fedora-35-x86_64",
      "enabled": true
    }
  },
  {
    "model": "scan.mockconfig",
    "pk": 165,
    "fields": {
      "name": "rhel-7-scl-x86_64",
      "enabled": true
    }
  },
  {
    "model": "scan.mockconfig",
    "pk": 166,
    "fields": {
      "name": "rhel-8.5.0.z-x86_64",
      "enabled": true
    }
  },
  {
    "model": "scan.mockconfig",
    "pk": 167,
    "fields": {
      "name": "fedora-36-x86_64",
      "enabled": true
    }
  },
  {
    "model": "scan.mockconfig",
    "pk": 168,
    "fields": {
      "name": "fedora-35-aarch64",
      "enabled": true
    }
  },
  {
    "model": "scan.mockconfig",
    "pk": 169,
    "fields": {
      "name": "fedora-36-aarch64",
      "enabled": true
    }
  },
  {
    "model": "scan.mockconfig",
    "pk": 170,
    "fields": {
      "name": "fedora-rawhide-aarch64",
      "enabled": true
    }
  },
  {
    "model": "scan.systemrelease",
    "pk": 2,
    "fields": {
      "tag": "rhel-5.0",
      "product": "Red Hat Enterprise Linux 5",
      "release": 0,
      "active": false,
      "parent": null
    }
  },
  {
    "model": "scan.systemrelease",
    "pk": 3,
    "fields": {
      "tag": "rhel-5.1",
      "product": "Red Hat Enterprise Linux 5",
      "release": 1,
      "active": false,
      "parent": 2
    }
  },
  {
    "model": "scan.systemrelease",
    "pk": 4,
    "fields": {
      "tag": "rhel-5.2",
      "product": "Red Hat Enterprise Linux 5",
      "release": 2,
      "active": false,
      "parent": 3
    }
  },
  {
    "model": "scan.systemrelease",
    "pk": 5,
    "fields": {
      "tag": "rhel-5.3",
      "product": "Red Hat Enterprise Linux 5",
      "release": 3,
      "active": false,
      "parent": 4
    }
  },
  {
    "model": "scan.systemrelease",
    "pk": 6,
    "fields": {
      "tag": "rhel-5.4",
      "product": "Red Hat Enterprise Linux 5",
      "release": 4,
      "active": false,
      "parent": 5
    }
  },
  {
    "model": "scan.systemrelease",
    "pk": 7,
    "fields": {
      "tag": "rhel-5.5",
      "product": "Red Hat Enterprise Linux 5",
      "release": 5,
      "active": false,
      "parent": 6
    }
  },
  {
    "model": "scan.systemrelease",
    "pk": 8,
    "fields": {
      "tag": "rhel-5.6",
      "product": "Red Hat Enterprise Linux 5",
      "release": 6,
      "active": false,
      "parent": 7
    }
  },
  {
    "model": "scan.systemrelease",
    "pk": 9,
    "fields": {
      "tag": "rhel-5.7",
      "product": "Red Hat Enterprise Linux 5",
      "release": 7,
      "active": false,
      "parent": 8
    }
  },
  {
    "model": "scan.systemrelease",
    "pk": 10,
    "fields": {
      "tag": "rhel-5.8",
      "product": "Red Hat Enterprise Linux 5",
      "release": 8,
      "active": false,
      "parent": 9
    }
  },
  {
    "model": "scan.systemrelease",
    "pk": 11,
    "fields": {
      "tag": "rhel-5.9",
      "product": "Red Hat Enterprise Linux 5",
      "release": 9,
      "active": false,
      "parent": 10
    }
  },
  {
    "model": "scan.systemrelease",
    "pk": 12,
    "fields": {
      "tag": "rhel-5.10",
      "product": "Red Hat Enterprise Linux 5",
      "release": 10,
      "active": false,
      "parent": 11
    }
  },
  {
    "model": "scan.systemrelease",
    "pk": 13,
    "fields": {
      "tag": "rhel-5.11",
      "product": "Red Hat Enterprise Linux 5",
      "release": 11,
      "active": false,
      "parent": 12
    }
  },
  {
    "model": "scan.systemrelease",
    "pk": 14,
    "fields": {
      "tag": "rhel-5.12",
      "product": "Red Hat Enterprise Linux 5",
      "release": 12,
      "active": false,
      "parent": 13
    }
  },
  {
    "model": "scan.systemrelease",
    "pk": 15,
    "fields": {
      "tag": "rhel-5.13",
      "product": "Red Hat Enterprise Linux 5",
      "release": 13,
      "active": false,
      "parent": 14
    }
  },
  {
    "model": "scan.systemrelease",
    "pk": 16,
    "fields": {
      "tag": "rhel-6.0",
      "product": "Red Hat Enterprise Linux 6",
      "release": 0,
      "active": false,
      "parent": null
    }
  },
  {
    "model": "scan.systemrelease",
    "pk": 17,
    "fields": {
      "tag": "rhel-6.1",
      "product": "Red Hat Enterprise Linux 6",
      "release": 1,
      "active": false,
      "parent": 16
    }
  },
  {
    "model": "scan.systemrelease",
    "pk": 18,
    "fields": {
      "tag": "rhel-6.2",
      "product": "Red Hat Enterprise Linux 6",
      "release": 2,
      "active": false,
      "parent": 17
    }
  },
  {
    "model": "scan.systemrelease",
    "pk": 19,
    "fields": {
      "tag": "rhel-6.3",
      "product": "Red Hat Enterprise Linux 6",
      "release": 3,
      "active": false,
      "parent": 18
    }
  },
  {
    "model": "scan.systemrelease",
    "pk": 20,
    "fields": {
      "tag": "rhel-6.4",
      "product": "Red Hat Enterprise Linux 6",
      "release": 4,
      "active": false,
      "parent": 19
    }
  },
  {
    "model": "scan.systemrelease",
    "pk": 21,
    "fields": {
      "tag": "rhel-6.5",
      "product": "Red Hat Enterprise Linux 6",
      "release": 5,
      "active": false,
      "parent": 20
    }
  },
  {
    "model": "scan.systemrelease",
    "pk": 22,
    "fields": {
      "tag": "rhel-6.6",
      "product": "Red Hat Enterprise Linux 6",
      "release": 6,
      "active": false,
      "parent": 21
    }
  },
  {
    "model": "scan.systemrelease",
    "pk": 23,
    "fields": {
      "tag": "rhel-6.7",
      "product": "Red Hat Enterprise Linux 6",
      "release": 7,
      "active": true,
      "parent": 22
    }
  },
  {
    "model": "scan.systemrelease",
    "pk": 24,
    "fields": {
      "tag": "rhel-6.8",
      "product": "Red Hat Enterprise Linux 6",
      "release": 8,
      "active": false,
      "parent": 23
    }
  },
  {
    "model": "scan.systemrelease",
    "pk": 25,
    "fields": {
      "tag": "rhel-6.9",
      "product": "Red Hat Enterprise Linux 6",
      "release": 9,
      "active": false,
      "parent": 24
    }
  },
  {
    "model": "scan.systemrelease",
    "pk": 26,
    "fields": {
      "tag": "rhel-6.10",
      "product": "Red Hat Enterprise Linux 6",
      "release": 10,
      "active": false,
      "parent": 25
    }
  },
  {
    "model": "scan.systemrelease",
    "pk": 27,
    "fields": {
      "tag": "rhel-6.11",
      "product": "Red Hat Enterprise Linux 6",
      "release": 11,
      "active": false,
      "parent": 26
    }
  },
  {
    "model": "scan.systemrelease",
    "pk": 28,
    "fields": {
      "tag": "rhel-6.12",
      "product": "Red Hat Enterprise Linux 6",
      "release": 12,
      "active": false,
      "parent": 27
    }
  },
  {
    "model": "scan.systemrelease",
    "pk": 29,
    "fields": {
      "tag": "rhel-6.13",
      "product": "Red Hat Enterprise Linux 6",
      "release": 13,
      "active": false,
      "parent": 28
    }
  },
  {
    "model": "scan.systemrelease",
    "pk": 30,
    "fields": {
      "tag": "rhel-7.0",
      "product": "Red Hat Enterprise Linux 7",
      "release": 0,
      "active": false,
      "parent": null
    }
  },
  {
    "model": "scan.systemrelease",
    "pk": 31,
    "fields": {
      "tag": "rhel-7.1",
      "product": "Red Hat Enterprise Linux 7",
      "release": 1,
      "active": false,
      "parent": 30
    }
  },
  {
    "model": "scan.systemrelease",
    "pk": 32,
    "fields": {
      "tag": "rhel-7.2",
      "product": "Red Hat Enterprise Linux 7",
      "release": 2,
      "active": true,
      "parent": 31
    }
  },
  {
    "model": "scan.systemrelease",
    "pk": 33,
    "fields": {
      "tag": "rhel-7.3",
      "product": "Red Hat Enterprise Linux 7",
      "release": 3,
      "active": false,
      "parent": 32
    }
  },
  {
    "model": "scan.systemrelease",
    "pk": 34,
    "fields": {
      "tag": "rhel-7.4",
      "product": "Red Hat Enterprise Linux 7",
      "release": 4,
      "active": false,
      "parent": 33
    }
  },
  {
    "model": "scan.systemrelease",
    "pk": 35,
    "fields": {
      "tag": "rhel-7.5",
      "product": "Red Hat Enterprise Linux 7",
      "release": 5,
      "active": false,
      "parent": 34
    }
  },
  {
    "model": "scan.systemrelease",
    "pk": 36,
    "fields": {
      "tag": "rhel-7.6",
      "product": "Red Hat Enterprise Linux 7",
      "release": 6,
      "active": false,
      "parent": 35
    }
  },
  {
    "model": "scan.systemrelease",
    "pk": 37,
    "fields": {
      "tag": "rhel-7.7",
      "product": "Red Hat Enterprise Linux 7",
      "release": 7,
      "active": false,
      "parent": 36
    }
  },
  {
    "model": "scan.systemrelease",
    "pk": 38,
    "fields": {
      "tag": "rhel-7.8",
      "product": "Red Hat Enterprise Linux 7",
      "release": 8,
      "active": false,
      "parent": 37
    }
  },
  {
    "model": "scan.systemrelease",
    "pk": 39,
    "fields": {
      "tag": "rhel-7.9",
      "product": "Red Hat Enterprise Linux 7",
      "release": 9,
      "active": false,
      "parent": 38
    }
  },
  {
    "model": "scan.systemrelease",
    "pk": 40,
    "fields": {
      "tag": "rhel-7.10",
      "product": "Red Hat Enterprise Linux 7",
      "release": 10,
      "active": false,
      "parent": 39
    }
  },
  {
    "model": "scan.systemrelease",
    "pk": 41,
    "fields": {
      "tag": "rhel-7.11",
      "product": "Red Hat Enterprise Linux 7",
      "release": 11,
      "active": false,
      "parent": 40
    }
  },
  {
    "model": "scan.systemrelease",
    "pk": 42,
    "fields": {
      "tag": "rhel-7.12",
      "product": "Red Hat Enterprise Linux 7",
      "release": 12,
      "active": false,
      "parent": 41
    }
  },
  {
    "model": "scan.systemrelease",
    "pk": 43,
    "fields": {
      "tag": "rhel-7.13",
      "product": "Red Hat Enterprise Linux 7",
      "release": 13,
      "active": false,
      "parent": 42
    }
  },
  {
    "model": "scan.systemrelease",
    "pk": 44,
    "fields": {
      "tag": "rhel-8.0",
      "product": "Red Hat Enterprise Linux 8",
      "release": 0,
      "active": true,
      "parent": null
    }
  },
  {
    "model": "scan.systemrelease",
    "pk": 45,
    "fields": {
      "tag": "rhel-8.1",
      "product": "Red Hat Enterprise Linux 8",
      "release": 1,
      "active": true,
      "parent": 44
    }
  },
  {
    "model": "scan.systemrelease",
    "pk": 46,
    "fields": {
      "tag": "rhel-8.2",
      "product": "Red Hat Enterprise Linux 8",
      "release": 2,
      "active": true,
      "parent": 45
    }
  },
  {
    "model": "scan.systemrelease",
    "pk": 47,
    "fields": {
      "tag": "rhel-8.3",
      "product": "Red Hat Enterprise Linux 8",
      "release": 3,
      "active": true,
      "parent": 46
    }
  },
  {
    "model": "scan.systemrelease",
    "pk": 48,
    "fields": {
      "tag": "rhose",
      "product": "Red Hat OpenShift Enterprise",
      "release": 0,
      "active": true,
      "parent": null
    }
  },
  {
    "model": "scan.systemrelease",
    "pk": 49,
    "fields": {
      "tag": "rhel-8.4",
      "product": "Red Hat Enterprise Linux 8",
      "release": 4,
      "active": true,
      "parent": 47
    }
  },
  {
    "model": "scan.systemrelease",
    "pk": 50,
    "fields": {
      "tag": "rhel-8.5",
      "product": "Red Hat Enterprise Linux 8",
      "release": 5,
      "active": true,
      "parent": 49
    }
  },
  {
    "model": "scan.systemrelease",
    "pk": 51,
    "fields": {
      "tag": "rhel-9-beta",
      "product": "Red Hat Enterprise Linux 9",
      "release": -1,
      "active": true,
      "parent": null
    }
  },
  {
    "model": "scan.systemrelease",
    "pk": 52,
    "fields": {
      "tag": "rhel-8.6",
      "product": "Red Hat Enterprise Linux 8",
      "release": 6,
      "active": true,
      "parent": 50
    }
  },
  {
    "model": "scan.systemrelease",
    "pk": 53,
    "fields": {
      "tag": "rhel-9.0",
      "product": "Red Hat Enterprise Linux 9",
      "release": 0,
      "active": true,
      "parent": 51
    }
  },
  {
    "model": "scan.tag",
    "pk": 2,
    "fields": {
      "name": "RHEL-5.0",
      "mock": 90,
      "release": 2
    }
  },
  {
    "model": "scan.tag",
    "pk": 3,
    "fields": {
      "name": "RHEL-5.1",
      "mock": 90,
      "release": 3
    }
  },
  {
    "model": "scan.tag",
    "pk": 4,
    "fields": {
      "name": "RHEL-5.2",
      "mock": 90,
      "release": 4
    }
  },
  {
    "model": "scan.tag",
    "pk": 5,
    "fields": {
      "name": "RHEL-5.3",
      "mock": 90,
      "release": 5
    }
  },
  {
    "model": "scan.tag",
    "pk": 6,
    "fields": {
      "name": "RHEL-5.4",
      "mock": 90,
      "release": 6
    }
  },
  {
    "model": "scan.tag",
    "pk": 7,
    "fields": {
      "name": "RHEL-5.5",
      "mock": 90,
      "release": 7
    }
  },
  {
    "model": "scan.tag",
    "pk": 8,
    "fields": {
      "name": "RHEL-5.6",
      "mock": 90,
      "release": 8
    }
  },
  {
    "model": "scan.tag",
    "pk": 9,
    "fields": {
      "name": "RHEL-5.7",
      "mock": 90,
      "release": 9
    }
  },
  {
    "model": "scan.tag",
    "pk": 10,
    "fields": {
      "name": "RHEL-5.8",
      "mock": 90,
      "release": 10
    }
  },
  {
    "model": "scan.tag",
    "pk": 11,
    "fields": {
      "name": "RHEL-5.9",
      "mock": 90,
      "release": 11
    }
  },
  {
    "model": "scan.tag",
    "pk": 12,
    "fields": {
      "name": "RHEL-5.10",
      "mock": 90,
      "release": 12
    }
  },
  {
    "model": "scan.tag",
    "pk": 13,
    "fields": {
      "name": "RHEL-5.11",
      "mock": 90,
      "release": 13
    }
  },
  {
    "model": "scan.tag",
    "pk": 14,
    "fields": {
      "name": "RHEL-5.12",
      "mock": 90,
      "release": 14
    }
  },
  {
    "model": "scan.tag",
    "pk": 15,
    "fields": {
      "name": "RHEL-5.13",
      "mock": 90,
      "release": 15
    }
  },
  {
    "model": "scan.tag",
    "pk": 16,
    "fields": {
      "name": "RHEL-6.0",
      "mock": 91,
      "release": 16
    }
  },
  {
    "model": "scan.tag",
    "pk": 17,
    "fields": {
      "name": "RHEL-6.1",
      "mock": 91,
      "release": 17
    }
  },
  {
    "model": "scan.tag",
    "pk": 18,
    "fields": {
      "name": "RHEL-6.2",
      "mock": 91,
      "release": 18
    }
  },
  {
    "model": "scan.tag",
    "pk": 19,
    "fields": {
      "name": "RHEL-6.3",
      "mock": 91,
      "release": 19
    }
  },
  {
    "model": "scan.tag",
    "pk": 20,
    "fields": {
      "name": "RHEL-6.4",
      "mock": 91,
      "release": 20
    }
  },
  {
    "model": "scan.tag",
    "pk": 21,
    "fields": {
      "name": "RHEL-6.5",
      "mock": 91,
      "release": 21
    }
  },
  {
    "model": "scan.tag",
    "pk": 22,
    "fields": {
      "name": "RHEL-6.6",
      "mock": 91,
      "release": 22
    }
  },
  {
    "model": "scan.tag",
    "pk": 23,
    "fields": {
      "name": "RHEL-6.7",
      "mock": 91,
      "release": 23
    }
  },
  {
    "model": "scan.tag",
    "pk": 24,
    "fields": {
      "name": "RHEL-6.8",
      "mock": 91,
      "release": 24
    }
  },
  {
    "model": "scan.tag",
    "pk": 25,
    "fields": {
      "name": "RHEL-6.9",
      "mock": 91,
      "release": 25
    }
  },
  {
    "model": "scan.tag",
    "pk": 26,
    "fields": {
      "name": "RHEL-6.10",
      "mock": 91,
      "release": 26
    }
  },
  {
    "model": "scan.tag",
    "pk": 27,
    "fields": {
      "name": "RHEL-6.11",
      "mock": 91,
      "release": 27
    }
  },
  {
    "model": "scan.tag",
    "pk": 28,
    "fields": {
      "name": "RHEL-6.12",
      "mock": 91,
      "release": 28
    }
  },
  {
    "model": "scan.tag",
    "pk": 29,
    "fields": {
      "name": "RHEL-6.13",
      "mock": 91,
      "release": 29
    }
  },
  {
    "model": "scan.tag",
    "pk": 30,
    "fields": {
      "name": "RHEL-7.0",
      "mock": 92,
      "release": 30
    }
  },
  {
    "model": "scan.tag",
    "pk": 31,
    "fields": {
      "name": "RHEL-7.1",
      "mock": 92,
      "release": 31
    }
  },
  {
    "model": "scan.tag",
    "pk": 32,
    "fields": {
      "name": "RHEL-7.2",
      "mock": 137,
      "release": 32
    }
  },
  {
    "model": "scan.tag",
    "pk": 33,
    "fields": {
      "name": "RHEL-7.3",
      "mock": 137,
      "release": 33
    }
  },
  {
    "model": "scan.tag",
    "pk": 34,
    "fields": {
      "name": "RHEL-7.4",
      "mock": 137,
      "release": 34
    }
  },
  {
    "model": "scan.tag",
    "pk": 35,
    "fields": {
      "name": "RHEL-7.5",
      "mock": 92,
      "release": 35
    }
  },
  {
    "model": "scan.tag",
    "pk": 36,
    "fields": {
      "name": "RHEL-7.6",
      "mock": 137,
      "release": 36
    }
  },
  {
    "model": "scan.tag",
    "pk": 37,
    "fields": {
      "name": "RHEL-7.7",
      "mock": 137,
      "release": 37
    }
  },
  {
    "model": "scan.tag",
    "pk": 38,
    "fields": {
      "name": "RHEL-7.8",
      "mock": 150,
      "release": 38
    }
  },
  {
    "model": "scan.tag",
    "pk": 39,
    "fields": {
      "name": "RHEL-7.9",
      "mock": 92,
      "release": 39
    }
  },
  {
    "model": "scan.tag",
    "pk": 40,
    "fields": {
      "name": "RHEL-7.10",
      "mock": 92,
      "release": 40
    }
  },
  {
    "model": "scan.tag",
    "pk": 41,
    "fields": {
      "name": "RHEL-7.11",
      "mock": 92,
      "release": 41
    }
  },
  {
    "model": "scan.tag",
    "pk": 42,
    "fields": {
      "name": "RHEL-7.12",
      "mock": 92,
      "release": 42
    }
  },
  {
    "model": "scan.tag",
    "pk": 43,
    "fields": {
      "name": "RHEL-7.13",
      "mock": 92,
      "release": 43
    }
  },
  {
    "model": "scan.tag",
    "pk": 44,
    "fields": {
      "name": "RHEL-7-CEPH-1-3",
      "mock": 122,
      "release": 31
    }
  },
  {
    "model": "scan.tag",
    "pk": 45,
    "fields": {
      "name": "RHEL-7-CEPH-1-2",
      "mock": 122,
      "release": 31
    }
  },
  {
    "model": "scan.tag",
    "pk": 46,
    "fields": {
      "name": "RHEL-6-CEPH-1-3",
      "mock": 91,
      "release": 23
    }
  },
  {
    "model": "scan.tag",
    "pk": 47,
    "fields": {
      "name": "RHEL-6-CEPH-1-2",
      "mock": 91,
      "release": 23
    }
  },
  {
    "model": "scan.tag",
    "pk": 48,
    "fields": {
      "name": "RHEL-7-CEPH-2-0",
      "mock": 92,
      "release": 31
    }
  },
  {
    "model": "scan.tag",
    "pk": 49,
    "fields": {
      "name": "RHEL-7-CEPH-2-4",
      "mock": 118,
      "release": 35
    }
  },
  {
    "model": "scan.tag",
    "pk": 50,
    "fields": {
      "name": "RHEL-7-CEPH-3-0",
      "mock": 119,
      "release": 35
    }
  },
  {
    "model": "scan.tag",
    "pk": 51,
    "fields": {
      "name": "RHEL-8.0",
      "mock": 133,
      "release": 44
    }
  },
  {
    "model": "scan.tag",
    "pk": 52,
    "fields": {
      "name": "RHEL-8.1",
      "mock": 141,
      "release": 45
    }
  },
  {
    "model": "scan.tag",
    "pk": 53,
    "fields": {
      "name": "RHEL-8.2",
      "mock": 149,
      "release": 46
    }
  },
  {
    "model": "scan.tag",
    "pk": 54,
    "fields": {
      "name": "RHEL-8.3",
      "mock": 155,
      "release": 47
    }
  },
  {
    "model": "scan.tag",
    "pk": 55,
    "fields": {
      "name": "RHOSE",
      "mock": 143,
      "release": 48
    }
  },
  {
    "model": "scan.tag",
    "pk": 56,
    "fields": {
      "name": "RHEL-8.4",
      "mock": 159,
      "release": 49
    }
  },
  {
    "model": "scan.tag",
    "pk": 57,
    "fields": {
      "name": "RHEL-8.5",
      "mock": 166,
      "release": 50
    }
  },
  {
    "model": "scan.tag",
    "pk": 58,
    "fields": {
      "name": "RHEL-9-BETA",
      "mock": 158,
      "release": 51
    }
  },
  {
    "model": "scan.tag",
    "pk": 59,
    "fields": {
      "name": "RHEL-8.6",
      "mock": 129,
      "release": 52
    }
  },
  {
    "model": "scan.tag",
    "pk": 60,
    "fields": {
      "name": "RHEL-9.0",
      "mock": 162,
      "release": 53
    }
  },
  {
    "model": "scan.package",
    "pk": 1,
    "fields": {
      "name": "python-six",
      "blocked": false
    }
  },
  {
    "model": "scan.scanbinding",
    "pk": 1,
    "fields": {
      "task": 1,
      "scan": 1,
      "result": null
    }
  },
  {
    "model": "scan.releasemapping",
    "pk": 1,
    "fields": {
      "release_tag": "^RHEL-(\\d+)\\.(\\d+)\\.[01].*$",
      "template": "RHEL-%s.%s",
      "priority": 1
    }
  },
  {
    "model": "scan.releasemapping",
    "pk": 2,
    "fields": {
      "release_tag": "^FAST(\\d+)\\.(\\d+)$",
      "template": "RHEL-%s.%s",
      "priority": 2
    }
  },
  {
    "model": "scan.releasemapping",
    "pk": 3,
    "fields": {
      "release_tag": "^CEPH-(\\d+)\\.(\\d+).*$",
      "template": "RHEL-7-CEPH-%s-%s",
      "priority": 3
    }
  },
  {
    "model": "scan.releasemapping",
    "pk": 4,
    "fields": {
      "release_tag": "^RHEL-(\\d+)\\.(\\d+)\\.Z$",
      "template": "RHEL-%s.%s",
      "priority": 4
    }
  },
  {
    "model": "scan.releasemapping",
    "pk": 5,
    "fields": {
      "release_tag": "^RHEL-(\\d+)\\.(\\d+)\\.EUS.*$",
      "template": "RHEL-%s.%s",
      "priority": 5
    }
  },
  {
    "model": "scan.releasemapping",
    "pk": 6,
    "fields": {
      "release_tag": "^RHEL-(\\d+)\\.(\\d+)\\.z$",
      "template": "RHEL-%s.%s",
      "priority": 6
    }
  },
  {
    "model": "scan.releasemapping",
    "pk": 7,
    "fields": {
      "release_tag": "^RHEL-(\\d+)\\.(\\d+)\\.AUS$",
      "template": "RHEL-%s.%s",
      "priority": 7
    }
  },
  {
    "model": "scan.releasemapping",
    "pk": 8,
    "fields": {
      "release_tag": "^RHEL-ALT-(\\d+)\\.(\\d+)\\.Z$",
      "template": "RHEL-%s.%s",
      "priority": 8
    }
  },
  {
    "model": "scan.releasemapping",
    "pk": 9,
    "fields": {
      "release_tag": "^ceph-(\\d+)\\.(\\d+).*$",
      "template": "RHEL-7-CEPH-%s-%s",
      "priority": 9
    }
  },
  {
    "model": "scan.releasemapping",
    "pk": 10,
    "fields": {
      "release_tag": "^rhceph-(\\d+)\\.(\\d+).*$",
      "template": "RHEL-7-CEPH-%s-%s",
      "priority": 10
    }
  },
  {
    "model": "scan.releasemapping",
    "pk": 11,
    "fields": {
      "release_tag": "^RHEL-ALT-(\\d+)\\.(\\d+)$",
      "template": "RHEL-%s.%s",
      "priority": 11
    }
  },
  {
    "model": "scan.releasemapping",
    "pk": 12,
    "fields": {
      "release_tag": "^RHEL-(\\d+)\\.(\\d+)\\.0.Z.*$",
      "template": "RHEL-%s.%s",
      "priority": 12
    }
  },
  {
    "model": "scan.releasemapping",
    "pk": 13,
    "fields": {
      "release_tag": "^XXX_RHOSE .*$",
      "template": "RHOSE",
      "priority": 13
    }
  },
  {
    "model": "scan.releasemapping",
    "pk": 14,
    "fields": {
      "release_tag": "RHEL-9.0.0.BETA",
      "template": "RHEL-9-BETA",
      "priority": 14
    }
  },
  {
    "model": "scan.releasemapping",
    "pk": 15,
    "fields": {
      "release_tag": "^XXX_OSE-LOGGING$",
      "template": "RHOSE",
      "priority": 15
    }
  },
  {
    "model": "scan.etmapping",
    "pk": 1,
    "fields": {
      "advisory_id": "1",
      "et_scan_id": "1",
      "latest_run": 1,
      "comment": "",
      "state": 0
    }
  },
  {
    "model": "scan.appsettings",
    "pk": 1,
    "fields": {
      "key": "SEND_MAIL",
      "value": "Y"
    }
  },
  {
    "model": "scan.appsettings",
    "pk": 2,
    "fields": {
      "key": "SEND_BUS_MESSAGE",
      "value": "Y"
    }
  },
  {
    "model": "scan.appsettings",
    "pk": 3,
    "fields": {
      "key": "CHECK_USER_CAN_SUBMIT_SCAN",
      "value": "N"
    }
  },
  {
    "model": "scan.appsettings",
    "pk": 4,
    "fields": {
      "key": "WAIVER_IS_OVERDUE",
      "value": "7"
    }
  },
  {
    "model": "scan.appsettings",
    "pk": 11,
    "fields": {
      "key": "ANALYZERS_VERSIONS_LAST_CHECKED",
      "value": "{}"
    }
  },
  {
    "model": "scan.appsettings",
    "pk": 12,
    "fields": {
      "key": "ANALYZERS_VERSIONS_CACHE_DURATION",
      "value": "8"
    }
  },
  {
    "model": "scan.appsettings",
    "pk": 13,
    "fields": {
      "key": "RESULTS_TB_EXCLUDE_DIRS",
      "value": "[\"*cov\"]"
    }
  },
  {
    "model": "scan.appsettings",
    "pk": 14,
    "fields": {
      "key": "SU_USER",
      "value": "csmock"
    }
  },
  {
    "model": "scan.clientanalyzer",
    "pk": 2,
    "fields": {
      "analyzer": 1,
      "version": "dist",
      "enabled": true,
      "cli_long_command": "clang",
      "build_append": "clang",
      "build_append_args": ""
    }
  },
  {
    "model": "scan.clientanalyzer",
    "pk": 4,
    "fields": {
      "analyzer": 3,
      "version": "dist",
      "enabled": true,
      "cli_long_command": "cppcheck",
      "build_append": "cppcheck",
      "build_append_args": ""
    }
  },
  {
    "model": "scan.clientanalyzer",
    "pk": 8,
    "fields": {
      "analyzer": 2,
      "version": "dist",
      "enabled": true,
      "cli_long_command": "gcc",
      "build_append": "gcc",
      "build_append_args": ""
    }
  },
  {
    "model": "scan.clientanalyzer",
    "pk": 10,
    "fields": {
      "analyzer": 3,
      "version": "2.6",
      "enabled": true,
      "cli_long_command": "cppcheck-host",
      "build_append": "cppcheck",
      "build_append_args": "--use-host-cppcheck"
    }
  },
  {
    "model": "scan.clientanalyzer",
    "pk": 11,
    "fields": {
      "analyzer": 5,
      "version": "dist",
      "enabled": true,
      "cli_long_command": "pylint",
      "build_append": "pylint",
      "build_append_args": ""
    }
  },
  {
    "model": "scan.clientanalyzer",
    "pk": 12,
    "fields": {
      "analyzer": 6,
      "version": "dist",
      "enabled": true,
      "cli_long_command": "shellcheck",
      "build_append": "shellcheck",
      "build_append_args": ""
    }
  },
  {
    "model": "scan.clientanalyzer",
    "pk": 23,
    "fields": {
      "analyzer": 7,
      "version": "1.60.1599.g44eeafcf-2",
      "enabled": false,
      "cli_long_command": "smatch",
      "build_append": "smatch",
      "build_append_args": ""
    }
  },
  {
    "model": "scan.clientanalyzer",
    "pk": 34,
    "fields": {
      "analyzer": 8,
      "version": "dist",
      "enabled": true,
      "cli_long_command": "valgrind",
      "build_append": "valgrind",
      "build_append_args": ""
    }
  },
  {
    "model": "scan.analyzer",
    "pk": 1,
    "fields": {
      "name": "clang"
    }
  },
  {
    "model": "scan.analyzer",
    "pk": 2,
    "fields": {
      "name": "gcc"
    }
  },
  {
    "model": "scan.analyzer",
    "pk": 3,
    "fields": {
      "name": "cppcheck"
    }
  },
  {
    "model": "scan.analyzer",
    "pk": 5,
    "fields": {
      "name": "pylint"
    }
  },
  {
    "model": "scan.analyzer",
    "pk": 6,
    "fields": {
      "name": "shellcheck"
    }
  },
  {
    "model": "scan.analyzer",
    "pk": 7,
    "fields": {
      "name": "smatch"
    }
  },
  {
    "model": "scan.analyzer",
    "pk": 8,
    "fields": {
      "name": "valgrind"
    }
  },
  {
    "model": "scan.analyzer",
    "pk": 9,
    "fields": {
      "name": "gcc-analyzer"
    }
  },
  {
    "model": "scan.analyzer",
    "pk": 10,
    "fields": {
      "name": "unicontrol"
    }
  },
  {
    "model": "scan.profile",
    "pk": 1,
    "fields": {
      "name": "errata",
      "description": "profile used in errata scans (currently same as the default profile)",
      "enabled": true,
      "command_arguments": {
        "analyzers": "gcc,clang,cppcheck,shellcheck",
        "csmock_args": "--use-host-cppcheck --gcc-analyze",
        "koji_profile": "koji"
      }
    }
  },
  {
    "model": "scan.profile",
    "pk": 2,
    "fields": {
      "name": "default",
      "description": "default profile for user-initiated scans",
      "enabled": true,
      "command_arguments": {
        "analyzers": "gcc,clang,cppcheck,shellcheck",
        "csmock_args": "--use-host-cppcheck --gcc-analyze",
        "koji_profile": "koji"
      }
    }
  },
  {
    "model": "scan.profile",
    "pk": 3,
    "fields": {
      "name": "custom",
      "description": "base profile for custom scans (without additional options, it only builds the package)",
      "enabled": true,
      "command_arguments": {
        "analyzers": ""
      }
    }
  },
  {
    "model": "scan.profile",
    "pk": 4,
    "fields": {
      "name": "multi",
      "description": "profile with all analyzers enabled",
      "enabled": false,
      "command_arguments": {
        "analyzers": "gcc,clang,cppcheck,shellcheck,pylint",
        "csmock_args": "--gcc-analyze"
      }
    }
  },
  {
    "model": "scan.profile",
    "pk": 5,
    "fields": {
      "name": "cov-unstable",
      "description": "experimental profile using the latest release of csmock",
      "enabled": true,
      "command_arguments": {
        "analyzers": "gcc",
        "koji_profile": "koji"
      }
    }
  },
  {
    "model": "scan.profile",
    "pk": 6,
    "fields": {
      "name": "errata-el5",
      "description": "errata profile without ShellCheck, which is currently not available on el5",
      "enabled": false,
      "command_arguments": {
        "analyzers": "gcc,clang,cppcheck",
        "csmock_args": "--cov-analyze-java --use-host-cppcheck",
        "koji_profile": "koji"
      }
    }
  },
  {
    "model": "scan.profile",
    "pk": 7,
    "fields": {
      "name": "errata-el8",
      "description": "errata profile without Clang, which is currently not available on el8",
      "enabled": false,
      "command_arguments": {
        "analyzers": "gcc,cppcheck",
        "csmock_args": "--cov-analyze-java --use-host-cppcheck",
        "koji_profile": "koji"
      }
    }
  },
  {
    "model": "scan.profile",
    "pk": 8,
    "fields": {
      "name": "smatch",
      "description": "experimental profile for running the smatch static analyzer",
      "enabled": false,
      "command_arguments": {
        "analyzers": "smatch",
        "koji_profile": "koji"
      }
    }
  },
  {
    "model": "scan.profile",
    "pk": 9,
    "fields": {
      "name": "gcc-unstable",
      "description": "experimental profile using non-default GCC warning flags",
      "enabled": false,
      "command_arguments": {
        "analyzers": "gcc",
        "csmock_args": "--gcc-add-flag=-Wduplicated-branches --gcc-add-flag=-Wduplicated-cond --gcc-add-flag=-Wlogical-op --gcc-add-flag=-Wjump-misses-init --gcc-add-flag=-Wshadow --gcc-add-flag=-Wformat=2 --gcc-add-flag=-Wfloat-equal",
        "koji_profile": "koji"
      }
    }
  },
  {
    "model": "scan.profile",
    "pk": 10,
    "fields": {
      "name": "gcc-asan",
      "description": "experimental profile that compiles with -fsanitize=address and runs %check",
      "enabled": true,
      "command_arguments": {
        "analyzers": "gcc",
        "csmock_args": "--gcc-sanitize-address"
      }
    }
  },
  {
    "model": "scan.profile",
    "pk": 11,
    "fields": {
      "name": "gcc-lsan",
      "description": "experimental profile that compiles with -fsanitize=leak and runs %check",
      "enabled": true,
      "command_arguments": {
        "analyzers": "gcc",
        "csmock_args": "--gcc-sanitize-leak"
      }
    }
  },
  {
    "model": "scan.profile",
    "pk": 12,
    "fields": {
      "name": "gcc-tsan",
      "description": "experimental profile that compiles with -fsanitize=thread and runs %check",
      "enabled": true,
      "command_arguments": {
        "analyzers": "gcc",
        "csmock_args": "--gcc-sanitize-thread"
      }
    }
  },
  {
    "model": "scan.profile",
    "pk": 13,
    "fields": {
      "name": "gcc-ubsan",
      "description": "experimental profile that compiles with -fsanitize=undefined and runs %check",
      "enabled": true,
      "command_arguments": {
        "analyzers": "gcc",
        "csmock_args": "--gcc-sanitize-undefined"
      }
    }
  },
  {
    "model": "scan.profile",
    "pk": 14,
    "fields": {
      "name": "csigsafe",
      "description": "experimental profile that compiles with -fplugin=csigsafe",
      "enabled": false,
      "command_arguments": {
        "analyzers": "gcc",
        "csmock_args": "--install csigsafe --gcc-add-c-only-flag=-fplugin=csigsafe"
      }
    }
  },
  {
    "model": "scan.profile",
    "pk": 15,
    "fields": {
      "name": "gcc-analyzer",
      "description": "profile that runs `gcc -fanalyzer` in the background and captures its results (currently included in the default profile)",
      "enabled": true,
      "command_arguments": {
        "analyzers": "gcc",
        "csmock_args": "--gcc-analyze"
      }
    }
  },
  {
    "model": "scan.profile",
    "pk": 16,
    "fields": {
      "name": "mass-scan-el9",
      "description": "profile for RHEL-9 mass scan (currently same as the default profile)",
      "enabled": true,
      "command_arguments": {
        "analyzers": "gcc,clang,cppcheck,shellcheck,unicontrol",
        "csmock_args": "--use-host-cppcheck --gcc-analyze --unicontrol-notests --unicontrol-bidi-only",
        "koji_profile": "koji"
      }
    }
  },
  {
    "model": "scan.profile",
    "pk": 18,
    "fields": {
      "name": "valgrind",
      "description": "experimental profile that makes binaries produced in %build run through valgrind in %check",
      "enabled": true,
      "command_arguments": {
        "analyzers": "gcc,valgrind",
        "csmock_args": "--gcc-del-flag=-flto=auto --keep-going"
      }
    }
  },
  {
    "model": "scan.profile",
    "pk": 19,
    "fields": {
      "name": "s390x-hack",
      "description": "profile for emergency scanning of s390x packages in x86_64 buildroot",
      "enabled": false,
      "command_arguments": {
        "analyzers": "gcc,clang,cppcheck,shellcheck",
        "csmock_args": "--use-host-cppcheck --gcc-analyze --rpm-build-opts='--define \\\"_target_cpu s390x\\\"' --keep-going",
        "koji_profile": "koji"
      }
    }
  },
  {
    "model": "kobo_auth.user",
    "pk": 1,
    "fields": {
      "password": "pbkdf2_sha256$150000$LGqhNdKCaEJJ$gV2uOXLmR5ZY2wma14389hk4Fb9c3eP4TdkT7uXOtdE=",
      "last_login": null,
      "is_superuser": true,
      "username": "admin",
      "first_name": "",
      "last_name": "",
      "email": "kdudka@redhat.com",
      "is_staff": true,
      "is_active": true,
      "date_joined": "2022-11-25T15:18:49.373",
      "groups": [],
      "user_permissions": []
    }
  },
  {
    "model": "kobo_auth.user",
    "pk": 2,
    "fields": {
      "password": "pbkdf2_sha256$150000$8R6HqSyOxT2h$MeqgwBPdW+bUUNR/r9z5SU734NwYKxljNkTZEZJ/doA=",
      "last_login": "2022-11-25T15:20:57.014",
      "is_superuser": false,
      "username": "user",
      "first_name": "",
      "last_name": "",
      "email": "user@example.com",
      "is_staff": false,
      "is_active": true,
      "date_joined": "2022-11-25T15:18:49.414",
      "groups": [],
      "user_permissions": []
    }
  },
  {
    "model": "kobo_auth.user",
    "pk": 3,
    "fields": {
      "password": "pbkdf2_sha256$150000$2iSsB8cKqH1C$c0lD2hUJ5hYszGeqHUaMf4qGU8hvUFvYubTzeHQWHpE=",
      "last_login": null,
      "is_superuser": false,
      "username": "idoamara",
      "first_name": "",
      "last_name": "",
      "email": "f{login}@redhat.com",
      "is_staff": false,
      "is_active": true,
      "date_joined": "2022-11-25T15:18:49.444",
      "groups": [],
      "user_permissions": []
    }
  },
  {
    "model": "kobo_auth.user",
    "pk": 4,
    "fields": {
      "password": "pbkdf2_sha256$150000$5BX7QZylLVqA$FE25NicL3HPZH4C2qdqP/JEnQW7JAWzIZyfFlc69s74=",
      "last_login": null,
      "is_superuser": false,
      "username": "kdudka",
      "first_name": "",
      "last_name": "",
      "email": "f{login}@redhat.com",
      "is_staff": false,
      "is_active": true,
      "date_joined": "2022-11-25T15:18:49.473",
      "groups": [],
      "user_permissions": []
    }
  },
  {
    "model": "kobo_auth.user",
    "pk": 5,
    "fields": {
      "password": "pbkdf2_sha256$150000$b3Fkl1T4wvq0$Q2ZQOm/VccBu4GquEsTgABoWcrfHdoN0ZpU4OHcajNQ=",
      "last_login": null,
      "is_superuser": false,
      "username": "lbalhar",
      "first_name": "",
      "last_name": "",
      "email": "f{login}@redhat.com",
      "is_staff": false,
      "is_active": true,
      "date_joined": "2022-11-25T15:18:49.503",
      "groups": [],
      "user_permissions": []
    }
  },
  {
    "model": "kobo_auth.user",
    "pk": 6,
    "fields": {
      "password": "",
      "last_login": "2022-11-25T15:21:05.571",
      "is_superuser": false,
      "username": "worker/localhost",
      "first_name": "",
      "last_name": "",
      "email": "",
      "is_staff": false,
      "is_active": true,
      "date_joined": "2022-11-25T15:19:12.282",
      "groups": [],
      "user_permissions": []
    }
  },
  {
    "model": "hub.task",
    "pk": 1,
    "fields": {
      "archive": false,
      "owner": 2,
      "worker": 1,
      "parent": null,
      "state": 5,
      "label": "python-six-1.9.0-2.el7",
      "exclusive": false,
      "method": "ErrataDiffBuild",
      "args": "\"{\\\"build\\\": \\\"python-six-1.9.0-2.el7\\\", \\\"scanning_session\\\": 1, \\\"su_user\\\": \\\"csmock\\\", \\\"base_nvr\\\": \\\"python-six-1.3.0-4.el7\\\", \\\"mock_config\\\": \\\"rhel-7.7.z-x86_64\\\", \\\"scan_id\\\": 1}\"",
      "result": "",
      "comment": "errata process scan of python-six-1.9.0-2.el7",
      "arch": 1,
      "channel": 1,
      "timeout": null,
      "waiting": false,
      "awaited": false,
      "dt_created": "2022-11-25T15:21:00.144",
      "dt_started": "2022-11-25T15:21:00.356",
      "dt_finished": "2022-11-25T15:21:10.758",
      "priority": 20,
      "weight": 1,
      "resubmitted_by": null,
      "resubmitted_from": null,
      "subtask_count": 1
    }
  },
  {
    "model": "hub.task",
    "pk": 2,
    "fields": {
      "archive": false,
      "owner": 2,
      "worker": 1,
      "parent": 1,
      "state": 5,
      "label": "Refresh version cache.",
      "exclusive": false,
      "method": "AnalyzerVersionRetriever",
      "args": "\"{\\\"mock_config\\\": \\\"rhel-7.7.z-x86_64\\\", \\\"analyzers\\\": \\\"gcc,clang,cppcheck,shellcheck\\\", \\\"su_user\\\": \\\"csmock\\\", \\\"csmock_args\\\": \\\"--use-host-cppcheck --gcc-analyze\\\"}\"",
      "result": "",
      "comment": null,
      "arch": 1,
      "channel": 1,
      "timeout": null,
      "waiting": false,
      "awaited": false,
      "dt_created": "2022-11-25T15:21:00.453",
      "dt_started": "2022-11-25T15:21:05.550",
      "dt_finished": "2022-11-25T15:21:05.832",
      "priority": 10,
      "weight": 1,
      "resubmitted_by": null,
      "resubmitted_from": null,
      "subtask_count": 0
    }
  },
  {
    "model": "scan.scan",
    "pk": 1,
    "fields": {
      "nvr": "python-six-1.9.0-2.el7",
      "scan_type": 3,
      "state": 1,
      "base": null,
      "tag": 32,
      "username": 1,
      "last_access": "2022-11-25T15:21:00.137",
      "date_submitted": "2022-11-25T15:21:00.137",
      "enabled": true,
      "package": 1,
      "parent": null
    }
  }
]
